{"cameraMode":{"drawMode":0,"name":"Shaded","section":"Shading Mode"},"sceneLighting":true,"audioPlay":false,"sceneViewState":{"showFog":true,"showMaterialUpdate":false,"showSkybox":true,"showFlares":true,"showImageEffects":true,"showParticleSystems":true},"in2DMode":false,"pivot":{"x":-1.3022823333740235,"y":0.05216628313064575,"z":-0.054003238677978519},"rotation":{"x":0.004185703583061695,"y":-0.9957805871963501,"z":0.06283241510391236,"w":0.06761389225721359},"size":2.978086471557617,"orthographic":false}